,mean,range_min,range_max,avg_diff_per_class,areas_kmÂ²,percentages,date,type_uh
1.0,0.8,-4.36,3.07,,8.1882,0.9506345051695585,2015-04-13,uh_wavg
2.0,5.55,3.07,6.62,4.75,114.29639999999999,13.269595473567076,2015-04-13,uh_wavg
3.0,7.6,6.62,8.48,2.05,164.8134,19.134523455009955,2015-04-13,uh_wavg
4.0,9.29,8.48,10.09,1.6899999999999995,168.4377,19.555297817761968,2015-04-13,uh_wavg
5.0,10.9,10.09,11.75,1.6100000000000012,166.38389999999998,19.316855529259335,2015-04-13,uh_wavg
6.0,12.67,11.75,13.88,1.7699999999999996,153.4698,17.81755298862645,2015-04-13,uh_wavg
7.0,15.1,13.88,17.0,2.4299999999999997,70.8723,8.22813974264533,2015-04-13,uh_wavg
8.0,18.54,17.0,34.07,3.4399999999999995,14.8788,1.7274004879603364,2015-04-13,uh_wavg
1.0,-1.05,-8.59,1.06,,14.269499999999999,1.6566740296623539,2015-08-03,uh_wavg
2.0,3.05,1.06,4.35,4.1,94.1364,10.929137610000856,2015-08-03,uh_wavg
3.0,5.58,4.35,6.65,2.5300000000000002,109.6434,12.729484095720336,2015-08-03,uh_wavg
4.0,7.66,6.65,8.52,2.08,147.6045,17.13672811319927,2015-08-03,uh_wavg
5.0,9.41,8.52,10.25,1.75,189.2205,21.968302199076735,2015-08-03,uh_wavg
6.0,11.14,10.25,12.24,1.7300000000000004,186.7671,21.683465024377295,2015-08-03,uh_wavg
7.0,13.29,12.24,14.92,2.1499999999999986,97.8813,11.363916584294458,2015-08-03,uh_wavg
8.0,16.47,14.92,32.03,3.1799999999999997,21.8115,2.5322923436686944,2015-08-03,uh_wavg
1.0,-0.86,-5.4,0.75,,12.3714,1.543365470874675,2015-08-26,uh_wavg
2.0,2.12,0.75,3.13,2.98,54.7848,6.834551356255145,2015-08-26,uh_wavg
3.0,4.15,3.13,4.98,2.0300000000000002,74.5956,9.30600201425699,2015-08-26,uh_wavg
4.0,5.88,4.98,6.6,1.7299999999999995,130.3281,16.25878149802785,2015-08-26,uh_wavg
5.0,7.36,6.6,8.07,1.4800000000000004,187.2945,23.365493330159627,2015-08-26,uh_wavg
6.0,8.76,8.07,9.55,1.3999999999999995,177.72299999999998,22.171422925478105,2015-08-26,uh_wavg
7.0,10.33,9.55,11.37,1.5700000000000003,114.5115,14.285618047922252,2015-08-26,uh_wavg
8.0,12.52,11.37,25.29,2.1899999999999995,49.977,6.234765357025367,2015-08-26,uh_wavg
1.0,3.8,-1.61,4.8,,55.285199999999996,6.446298163852332,2015-09-20,uh_wavg
2.0,5.87,4.8,6.69,2.0700000000000003,81.2331,9.471843881798977,2015-09-20,uh_wavg
3.0,7.55,6.69,8.22,1.6799999999999997,150.2046,17.51397547955283,2015-09-20,uh_wavg
4.0,8.9,8.22,9.54,1.3500000000000005,216.1323,25.201197583425245,2015-09-20,uh_wavg
5.0,10.19,9.54,10.91,1.2899999999999991,204.3783,23.830671861931606,2015-09-20,uh_wavg
6.0,11.57,10.91,12.65,1.3800000000000008,104.6961,12.207648289099076,2015-09-20,uh_wavg
7.0,13.66,12.65,15.35,2.09,37.1502,4.331742781915357,2015-09-20,uh_wavg
8.0,17.28,15.35,30.57,3.620000000000001,8.5473,0.9966219584245881,2015-09-20,uh_wavg
1.0,4.67,-0.98,6.14,,48.504599999999996,5.631180359934132,2016-07-04,uh_wavg
2.0,7.82,6.14,9.01,3.1500000000000004,83.5848,9.703844257019385,2016-07-04,uh_wavg
3.0,10.39,9.01,11.6,2.5700000000000003,172.0548,19.974839718137975,2016-07-04,uh_wavg
4.0,12.87,11.6,14.23,2.4799999999999986,167.7798,19.47853017144099,2016-07-04,uh_wavg
5.0,15.58,14.24,16.9,2.710000000000001,157.0716,18.235353121630318,2016-07-04,uh_wavg
6.0,18.15,16.9,19.6,2.5699999999999985,150.9624,17.526100657845245,2016-07-04,uh_wavg
7.0,20.95,19.6,23.19,2.8000000000000007,67.0716,7.786731085904392,2016-07-04,uh_wavg
8.0,25.27,23.19,41.28,4.32,14.328,1.6634206280875679,2016-07-04,uh_wavg
1.0,3.5,-7.98,5.14,,41.2524,4.993316607603707,2016-08-12,uh_wavg
2.0,6.78,5.14,8.24,3.2800000000000002,75.0681,9.086472312671647,2016-08-12,uh_wavg
3.0,9.81,8.24,11.13,3.0300000000000002,112.8519,13.659938972511485,2016-08-12,uh_wavg
4.0,12.45,11.13,13.62,2.639999999999999,156.4236,18.93399074238491,2016-08-12,uh_wavg
5.0,14.63,13.62,15.62,2.1800000000000015,159.1218,19.260589118979638,2016-08-12,uh_wavg
6.0,16.56,15.62,17.61,1.929999999999998,137.4237,16.63418476230109,2016-08-12,uh_wavg
7.0,18.78,17.61,20.28,2.2200000000000024,100.4238,12.155603754900882,2016-08-12,uh_wavg
8.0,21.83,20.28,38.11,3.049999999999997,43.586999999999996,5.275903728646643,2016-08-12,uh_wavg
1.0,5.55,-0.5,7.15,,61.055099999999996,7.088307359556138,2016-09-06,uh_wavg
2.0,8.77,7.15,10.02,3.2199999999999998,81.91709999999999,9.510320723469393,2016-09-06,uh_wavg
3.0,11.15,10.02,12.05,2.380000000000001,121.3155,14.084352518925247,2016-09-06,uh_wavg
4.0,12.84,12.05,13.55,1.6899999999999995,140.87969999999999,16.355695336213696,2016-09-06,uh_wavg
5.0,14.29,13.55,15.02,1.4499999999999993,167.9292,19.496058220269475,2016-09-06,uh_wavg
6.0,15.78,15.02,16.68,1.4900000000000002,142.4412,16.53698063329694,2016-09-06,uh_wavg
7.0,17.53,16.68,18.6,1.7500000000000018,99.1818,11.514698737272152,2016-09-06,uh_wavg
8.0,19.78,18.6,35.26,2.25,46.6299,5.413586470996965,2016-09-06,uh_wavg
1.0,3.83,-1.88,5.26,,62.6175,7.2697503155536625,2016-09-22,uh_wavg
2.0,6.57,5.26,7.56,2.74,82.32209999999999,9.557409868679523,2016-09-22,uh_wavg
3.0,8.43,7.56,9.12,1.8599999999999994,129.9024,15.08137522882865,2016-09-22,uh_wavg
4.0,9.75,9.12,10.35,1.3200000000000003,165.2031,19.179706764968948,2016-09-22,uh_wavg
5.0,10.99,10.35,11.72,1.2400000000000002,171.7164,19.935886183347126,2016-09-22,uh_wavg
6.0,12.49,11.72,13.4,1.5,136.8846,15.891992878100162,2016-09-22,uh_wavg
7.0,14.29,13.4,15.53,1.799999999999999,89.45009999999999,10.384954568631876,2016-09-22,uh_wavg
8.0,16.65,15.53,31.27,2.3599999999999994,23.247,2.6989241918900624,2016-09-22,uh_wavg
1.0,0.27,-3.74,1.6,,10.2915,1.2621621770779872,2016-09-29,uh_wavg
2.0,3.04,1.6,4.06,2.77,55.781099999999995,6.841062489997076,2016-09-29,uh_wavg
3.0,5.13,4.06,5.89,2.09,84.5046,10.363747744167952,2016-09-29,uh_wavg
4.0,6.64,5.89,7.27,1.5099999999999998,143.685,17.621704553607405,2016-09-29,uh_wavg
5.0,7.88,7.27,8.51,1.2400000000000002,178.00469999999999,21.830714636555797,2016-09-29,uh_wavg
6.0,9.15,8.51,9.84,1.2700000000000005,157.10399999999998,19.267427164908913,2016-09-29,uh_wavg
7.0,10.52,9.84,11.34,1.3699999999999992,129.3417,15.862624657141126,2016-09-29,uh_wavg
8.0,12.18,11.34,23.17,1.6600000000000001,56.673899999999996,6.950556576543762,2016-09-29,uh_wavg
1.0,-0.54,-4.78,1.08,,8.4114,0.9765669898205481,2017-03-17,uh_wavg
2.0,2.96,1.08,3.79,3.5,78.0345,9.05983745478179,2017-03-17,uh_wavg
3.0,4.54,3.79,5.11,1.58,152.4834,17.703385278978836,2017-03-17,uh_wavg
4.0,5.74,5.11,6.34,1.2000000000000002,218.4129,25.357827269060607,2017-03-17,uh_wavg
5.0,6.99,6.34,7.71,1.25,223.8525,25.98936706003807,2017-03-17,uh_wavg
6.0,8.37,7.71,9.33,1.379999999999999,122.7996,14.25708392457467,2017-03-17,uh_wavg
7.0,10.3,9.33,12.1,1.9300000000000015,50.4198,5.853759458990664,2017-03-17,uh_wavg
8.0,13.88,12.1,27.41,3.58,6.9093,0.8021725637547987,2017-03-17,uh_wavg
1.0,-1.16,-9.08,0.22,,50.991299999999995,6.366341328574992,2017-05-27,uh_wavg
2.0,1.59,0.22,2.62,2.75,105.6969,13.196418659109654,2017-05-27,uh_wavg
3.0,3.64,2.62,4.59,2.05,148.887,18.588768307290557,2017-05-27,uh_wavg
4.0,5.49,4.59,6.39,1.85,152.82,19.079809336746276,2017-05-27,uh_wavg
5.0,7.27,6.39,8.21,1.7799999999999994,147.6351,18.43246668899012,2017-05-27,uh_wavg
6.0,9.15,8.21,10.28,1.8800000000000008,118.0152,14.734377141983895,2017-05-27,uh_wavg
7.0,11.31,10.28,12.81,2.16,57.0924,7.128072939256989,2017-05-27,uh_wavg
8.0,14.33,12.81,25.97,3.0199999999999996,19.8135,2.4737455980475223,2017-05-27,uh_wavg
1.0,-0.74,-7.54,0.05,,44.8425,5.2064937751965035,2017-10-11,uh_wavg
2.0,0.77,0.05,1.31,1.51,70.2909,8.161211647498687,2017-10-11,uh_wavg
3.0,1.91,1.31,2.38,1.14,135.35819999999998,15.715930773748193,2017-10-11,uh_wavg
4.0,2.9,2.38,3.38,0.99,206.58689999999999,23.986026847012155,2017-10-11,uh_wavg
5.0,3.86,3.38,4.4,0.96,196.8012,22.849846077966262,2017-10-11,uh_wavg
6.0,4.93,4.4,5.61,1.0699999999999998,134.1963,15.581026941058207,2017-10-11,uh_wavg
7.0,6.22,5.61,7.25,1.29,60.971399999999996,7.079159604505014,2017-10-11,uh_wavg
8.0,8.28,7.25,16.7,2.0599999999999996,12.2328,1.42030433301497,2017-10-11,uh_wavg
1.0,-0.59,-5.57,1.4,,9.3627,1.0869803720789295,2018-04-21,uh_wavg
2.0,3.81,1.4,4.76,4.4,130.0446,15.097773900141581,2018-04-21,uh_wavg
3.0,5.61,4.76,6.45,1.8000000000000003,153.35909999999998,17.804514892038593,2018-04-21,uh_wavg
4.0,7.21,6.45,7.99,1.5999999999999996,143.84969999999998,16.700503105882106,2018-04-21,uh_wavg
5.0,8.79,7.99,9.59,1.5799999999999992,146.81969999999998,17.045310875550516,2018-04-21,uh_wavg
6.0,10.44,9.59,11.34,1.6500000000000004,154.6362,17.952782232996014,2018-04-21,uh_wavg
7.0,12.25,11.34,13.67,1.8100000000000005,92.6712,10.758838311277826,2018-04-21,uh_wavg
8.0,15.19,13.67,30.78,2.9399999999999995,30.606299999999997,3.5532963100344284,2018-04-21,uh_wavg
1.0,2.63,-5.24,4.7,,57.4875,7.026774900085036,2018-07-01,uh_wavg
2.0,6.6,4.7,7.88,3.9699999999999998,95.3325,11.652620450747671,2018-07-01,uh_wavg
3.0,9.1,7.88,10.21,2.5,165.8475,20.271764300793272,2018-07-01,uh_wavg
4.0,11.37,10.21,12.59,2.2699999999999996,166.4433,20.344589740853642,2018-07-01,uh_wavg
5.0,13.8,12.59,15.03,2.4300000000000015,158.4684,19.36980692457727,2018-07-01,uh_wavg
6.0,16.13,15.03,17.62,2.3299999999999983,112.61699999999999,13.76532827002177,2018-07-01,uh_wavg
7.0,19.03,17.62,21.16,2.900000000000002,47.4327,5.79776309290304,2018-07-01,uh_wavg
8.0,23.38,21.16,39.94,4.349999999999998,14.4918,1.7713523200183057,2018-07-01,uh_wavg
1.0,1.37,-6.2,3.05,,50.336999999999996,5.843828820639488,2018-07-26,uh_wavg
2.0,4.63,3.05,5.86,3.26,100.0602,11.61639908137059,2018-07-26,uh_wavg
3.0,7.04,5.86,8.1,2.41,130.7655,15.181103316553093,2018-07-26,uh_wavg
4.0,9.2,8.1,10.25,2.1599999999999993,166.9428,19.381074478778114,2018-07-26,uh_wavg
5.0,11.34,10.25,12.46,2.1400000000000006,187.0407,21.714322134664048,2018-07-26,uh_wavg
6.0,13.56,12.46,15.0,2.2200000000000006,149.6817,17.37716257191159,2018-07-26,uh_wavg
7.0,16.38,15.0,18.85,2.8199999999999985,66.7935,7.754331412904696,2018-07-26,uh_wavg
8.0,20.92,18.85,35.95,4.540000000000003,9.7488,1.1317781831783824,2018-07-26,uh_wavg
1.0,0.51,-5.29,2.33,,45.612899999999996,5.543723781865117,2018-08-02,uh_wavg
2.0,3.93,2.33,5.22,3.42,69.6123,8.46057503513982,2018-08-02,uh_wavg
3.0,6.59,5.22,7.74,2.6599999999999997,109.11149999999999,13.261248844624562,2018-08-02,uh_wavg
4.0,8.94,7.74,9.98,2.3499999999999996,150.4521,18.285723661541994,2018-08-02,uh_wavg
5.0,10.92,9.98,11.82,1.9800000000000004,165.9708,20.17184329554093,2018-08-02,uh_wavg
6.0,12.74,11.82,13.83,1.8200000000000003,155.32649999999998,18.87815096176459,2018-08-02,uh_wavg
7.0,15.06,13.83,16.86,2.3200000000000003,95.1354,11.562614512062392,2018-08-02,uh_wavg
8.0,18.57,16.86,35.59,3.51,31.563,3.83611990746058,2018-08-02,uh_wavg
1.0,4.1,-1.79,5.7,,51.7059,6.002806485216844,2018-08-11,uh_wavg
2.0,7.27,5.7,8.56,3.17,70.7607,8.214977185552975,2018-08-11,uh_wavg
3.0,9.8,8.56,10.83,2.530000000000001,103.8474,12.056184036887622,2018-08-11,uh_wavg
4.0,11.84,10.83,12.72,2.039999999999999,138.3723,16.064358996059845,2018-08-11,uh_wavg
5.0,13.56,12.72,14.35,1.7200000000000006,169.2801,19.652606029450332,2018-08-11,uh_wavg
6.0,15.12,14.35,16.01,1.5599999999999987,158.7987,18.435765864321173,2018-08-11,uh_wavg
7.0,16.99,16.01,18.26,1.8699999999999992,111.7359,12.972000973806486,2018-08-11,uh_wavg
8.0,19.72,18.26,36.48,2.7300000000000004,56.8611,6.601300428704722,2018-08-11,uh_wavg
1.0,3.44,-6.18,5.04,,60.6744,7.044050391667006,2018-08-27,uh_wavg
2.0,6.44,5.04,7.61,3.0000000000000004,74.7954,8.683440902009586,2018-08-27,uh_wavg
3.0,8.67,7.61,9.54,2.2299999999999995,107.0577,12.42896235671006,2018-08-27,uh_wavg
4.0,10.45,9.54,11.26,1.7799999999999994,153.8307,17.85911690244007,2018-08-27,uh_wavg
5.0,12.15,11.26,13.05,1.700000000000001,203.61419999999998,23.638778220451528,2018-08-27,uh_wavg
6.0,13.88,13.05,14.92,1.7300000000000004,146.45159999999998,17.00243348661478,2018-08-27,uh_wavg
7.0,15.84,14.92,17.04,1.959999999999999,82.7334,9.605010328473675,2018-08-27,uh_wavg
8.0,18.35,17.04,33.85,2.5100000000000016,32.1993,3.7382074116332995,2018-08-27,uh_wavg
1.0,1.4,-4.64,2.62,,34.9443,4.278414869714791,2018-09-03,uh_wavg
2.0,3.92,2.62,5.11,2.52,53.1945,6.512883067826324,2018-09-03,uh_wavg
3.0,6.35,5.11,7.32,2.4299999999999997,83.8449,10.265573123792711,2018-09-03,uh_wavg
4.0,8.28,7.32,9.07,1.9299999999999997,133.2396,16.313226645686157,2018-09-03,uh_wavg
5.0,9.91,9.07,10.73,1.6300000000000008,185.01749999999998,22.65266790742571,2018-09-03,uh_wavg
6.0,11.61,10.73,12.61,1.6999999999999993,162.1053,19.84740647200193,2018-09-03,uh_wavg
7.0,13.63,12.61,14.91,2.0200000000000014,116.46719999999999,14.259693292297925,2018-09-03,uh_wavg
8.0,16.24,14.91,32.59,2.6099999999999977,47.9448,5.8701346212544445,2018-09-03,uh_wavg
1.0,-0.07,-4.83,1.3,,55.930499999999995,6.792553057769219,2018-09-19,uh_wavg
2.0,2.55,1.3,3.48,2.6199999999999997,74.28869999999999,9.022088777012543,2018-09-19,uh_wavg
3.0,4.34,3.48,5.03,1.79,121.8924,14.803382668469418,2018-09-19,uh_wavg
4.0,5.69,5.03,6.31,1.3500000000000005,149.85,18.198730133052937,2018-09-19,uh_wavg
5.0,6.93,6.31,7.6,1.2399999999999993,151.8777,18.44498682368218,2018-09-19,uh_wavg
6.0,8.32,7.6,9.15,1.3900000000000006,131.3244,15.948864300868184,2018-09-19,uh_wavg
7.0,10.01,9.15,11.09,1.6899999999999995,100.77839999999999,12.239165197469884,2018-09-19,uh_wavg
8.0,12.13,11.09,24.74,2.120000000000001,37.467,4.550229041675639,2018-09-19,uh_wavg
1.0,2.22,-3.69,3.79,,45.5769,5.291353029929408,2018-09-28,uh_wavg
2.0,5.2,3.79,6.29,2.98,74.0556,8.597651956215545,2018-09-28,uh_wavg
3.0,7.27,6.29,8.0,2.0699999999999994,121.92569999999999,14.15523921375223,2018-09-28,uh_wavg
4.0,8.7,8.0,9.33,1.4299999999999997,171.0684,19.860571839356687,2018-09-28,uh_wavg
5.0,9.99,9.33,10.68,1.290000000000001,172.3221,20.006122969284846,2018-09-28,uh_wavg
6.0,11.34,10.68,12.09,1.3499999999999996,136.7523,15.876566790519217,2018-09-28,uh_wavg
7.0,12.82,12.09,13.76,1.4800000000000004,95.7105,11.111726426568252,2018-09-28,uh_wavg
8.0,14.88,13.76,26.88,2.0600000000000005,43.9353,5.100767774373806,2018-09-28,uh_wavg
1.0,-2.13,-5.42,-0.46,,8.9559,1.1196107971390348,2018-10-05,uh_wavg
2.0,1.03,-0.46,1.92,3.16,56.421,7.053401755868364,2018-10-05,uh_wavg
3.0,2.76,1.92,3.36,1.7299999999999998,87.7599,10.971195702926783,2018-10-05,uh_wavg
4.0,3.94,3.37,4.41,1.1800000000000002,133.0704,16.63563199897389,2018-10-05,uh_wavg
5.0,4.93,4.41,5.45,0.9899999999999998,167.7861,20.975572434914394,2018-10-05,uh_wavg
6.0,6.01,5.45,6.59,1.08,167.2182,20.90457711655496,2018-10-05,uh_wavg
7.0,7.2,6.59,8.06,1.1900000000000004,134.3952,16.80125023768242,2018-10-05,uh_wavg
8.0,8.92,8.06,16.24,1.7199999999999998,44.3052,5.538759955940147,2018-10-05,uh_wavg
1.0,-2.31,-6.93,-0.76,,8.3718,1.0478033527003858,2019-02-26,uh_wavg
2.0,0.78,-0.76,1.3,3.09,82.4679,10.321572673757155,2019-02-26,uh_wavg
3.0,1.8,1.3,2.2,1.02,187.1901,23.42846393515379,2019-02-26,uh_wavg
4.0,2.63,2.2,3.09,0.8299999999999998,253.4733,31.72438108411939,2019-02-26,uh_wavg
5.0,3.52,3.09,4.09,0.8900000000000001,162.3033,20.313665148992634,2019-02-26,uh_wavg
6.0,4.56,4.09,5.24,1.0399999999999996,69.9354,8.75302164318815,2019-02-26,uh_wavg
7.0,5.89,5.24,7.12,1.33,30.0546,3.7615937604898613,2019-02-26,uh_wavg
8.0,8.41,7.12,18.58,2.5200000000000005,5.1894,0.6494984015986267,2019-02-26,uh_wavg
1.0,2.53,-6.46,3.9,,38.1168,4.718176096074685,2019-05-01,uh_wavg
2.0,5.38,3.9,6.49,2.85,113.71589999999999,14.075988569964403,2019-05-01,uh_wavg
3.0,7.59,6.49,8.65,2.21,141.0984,17.46545087925493,2019-05-01,uh_wavg
4.0,9.65,8.65,10.65,2.0600000000000005,137.1321,16.97449408724036,2019-05-01,uh_wavg
5.0,11.72,10.65,12.77,2.0700000000000003,155.5335,19.252257320625866,2019-05-01,uh_wavg
6.0,13.89,12.77,15.4,2.17,142.3917,17.625538219877786,2019-05-01,uh_wavg
7.0,16.79,15.4,18.83,2.8999999999999986,66.1581,8.18918602772842,2019-05-01,uh_wavg
8.0,20.68,18.84,38.66,3.8900000000000006,13.725,1.6989087992335412,2019-05-01,uh_wavg
1.0,-2.99,-10.07,-0.68,,10.1286,1.1760009697253422,2019-06-27,uh_wavg
2.0,1.72,-0.68,2.95,4.71,99.4122,11.54244847289158,2019-06-27,uh_wavg
3.0,4.09,2.95,5.04,2.37,144.8982,16.823689721329362,2019-06-27,uh_wavg
4.0,5.93,5.04,6.76,1.8399999999999999,170.9325,19.84645318776307,2019-06-27,uh_wavg
5.0,7.64,6.77,8.54,1.71,175.1049,20.330897873709993,2019-06-27,uh_wavg
6.0,9.42,8.54,10.43,1.7800000000000002,138.7152,16.105800378694468,2019-06-27,uh_wavg
7.0,11.37,10.43,12.72,1.9499999999999993,89.3421,10.373239760410964,2019-06-27,uh_wavg
8.0,14.25,12.72,28.56,2.880000000000001,32.741099999999996,3.8014696354752275,2019-06-27,uh_wavg
1.0,1.96,-5.81,3.63,,64.48049999999999,8.080086975547148,2019-07-04,uh_wavg
2.0,5.01,3.63,6.24,3.05,87.3954,10.951565717739989,2019-07-04,uh_wavg
3.0,7.48,6.24,8.63,2.4700000000000006,107.1639,13.428767342666964,2019-07-04,uh_wavg
4.0,9.82,8.63,10.96,2.34,131.0409,16.42080736585443,2019-07-04,uh_wavg
5.0,12.04,10.96,13.05,2.219999999999999,145.7685,18.26633103488721,2019-07-04,uh_wavg
6.0,14.06,13.05,15.21,2.0200000000000014,148.5369,18.613240763923194,2019-07-04,uh_wavg
7.0,16.44,15.21,18.3,2.380000000000001,84.708,10.614806143324696,2019-07-04,uh_wavg
8.0,20.22,18.3,38.08,3.7799999999999976,28.923299999999998,3.624394656056372,2019-07-04,uh_wavg
1.0,4.2,-0.92,5.36,,55.0134,6.3867779924373425,2019-07-29,uh_wavg
2.0,6.59,5.36,7.74,2.3899999999999997,81.81269999999999,9.498041420124524,2019-07-29,uh_wavg
3.0,8.98,7.74,10.06,2.3900000000000006,101.7702,11.815006410182734,2019-07-29,uh_wavg
4.0,11.14,10.06,12.08,2.16,136.7217,15.872699099648823,2019-07-29,uh_wavg
5.0,13.05,12.08,13.91,1.9100000000000001,183.1131,21.25850642219856,2019-07-29,uh_wavg
6.0,14.87,13.91,16.06,1.8199999999999985,200.5578,23.283748018694535,2019-07-29,uh_wavg
7.0,17.26,16.06,19.32,2.3900000000000023,87.1074,10.112729358636924,2019-07-29,uh_wavg
8.0,21.31,19.32,37.43,4.049999999999997,15.2676,1.7724912780765478,2019-07-29,uh_wavg
1.0,5.97,1.59,7.42,,64.476,7.48533025728472,2019-08-14,uh_wavg
2.0,8.72,7.42,9.84,2.750000000000001,79.22789999999999,9.197949579550963,2019-08-14,uh_wavg
3.0,10.89,9.84,11.82,2.17,94.3785,10.95685591052711,2019-08-14,uh_wavg
4.0,12.79,11.82,13.63,1.8999999999999986,125.1306,14.527015731313844,2019-08-14,uh_wavg
5.0,14.55,13.63,15.38,1.7600000000000016,170.4951,19.793599645585708,2019-08-14,uh_wavg
6.0,16.31,15.38,17.38,1.759999999999998,189.46349999999998,21.995732818429545,2019-08-14,uh_wavg
7.0,18.53,17.38,20.29,2.2200000000000024,110.8053,12.863922463513719,2019-08-14,uh_wavg
8.0,22.03,20.29,39.99,3.5,27.3879,3.1795935937944066,2019-08-14,uh_wavg
1.0,6.12,0.1,7.31,,45.0801,5.233593886321438,2019-08-30,uh_wavg
2.0,8.55,7.31,9.65,2.4300000000000006,78.8607,9.155367388072099,2019-08-30,uh_wavg
3.0,10.87,9.65,11.88,2.3199999999999985,129.7449,15.0627907973005,2019-08-30,uh_wavg
4.0,12.87,11.88,13.74,2.0,166.1859,19.293424598277863,2019-08-30,uh_wavg
5.0,14.56,13.74,15.38,1.6900000000000013,175.8429,20.414558228420788,2019-08-30,uh_wavg
6.0,16.29,15.38,17.47,1.7299999999999986,150.8526,17.51329844201085,2019-08-30,uh_wavg
7.0,18.64,17.47,20.23,2.3500000000000014,85.8618,9.968163148452511,2019-08-30,uh_wavg
8.0,21.83,20.23,38.09,3.1899999999999977,28.9314,3.358803511143943,2019-08-30,uh_wavg
1.0,-0.45,-13.8,-0.12,,48.4452,5.626888809674887,2020-02-06,uh_wavg
2.0,0.25,-0.12,0.52,0.7,139.77089999999998,16.234328955772455,2020-02-06,uh_wavg
3.0,0.8,0.52,1.06,0.55,204.7428,23.78078674835698,2020-02-06,uh_wavg
4.0,1.31,1.06,1.59,0.51,202.26059999999998,23.492480303066735,2020-02-06,uh_wavg
5.0,1.85,1.59,2.17,0.54,143.6877,16.689263564149233,2020-02-06,uh_wavg
6.0,2.48,2.17,2.91,0.6299999999999999,78.9624,9.171448253801664,2020-02-06,uh_wavg
7.0,3.33,2.91,4.03,0.8500000000000001,35.199,4.088348468202141,2020-02-06,uh_wavg
8.0,4.8,4.03,11.07,1.4699999999999998,7.8903,0.9164548969759184,2020-02-06,uh_wavg
1.0,1.84,-4.62,2.53,,42.192,4.899051122350875,2020-02-22,uh_wavg
2.0,3.19,2.53,3.66,1.3499999999999999,101.7612,11.815825774359402,2020-02-22,uh_wavg
3.0,4.14,3.67,4.55,0.9499999999999997,155.0664,18.0052668979643,2020-02-22,uh_wavg
4.0,4.96,4.55,5.35,0.8200000000000003,202.3632,23.49705304518664,2020-02-22,uh_wavg
5.0,5.75,5.35,6.23,0.79,189.6174,22.01709651799523,2020-02-22,uh_wavg
6.0,6.73,6.23,7.5,0.9800000000000004,119.709,13.899803536345775,2020-02-22,uh_wavg
7.0,8.3,7.5,10.09,1.5700000000000003,45.3168,5.2618818710028,2020-02-22,uh_wavg
8.0,11.77,10.09,22.42,3.469999999999999,5.202,0.6040212347949672,2020-02-22,uh_wavg
1.0,1.21,-6.33,2.37,,42.7671,5.370003514533331,2020-05-19,uh_wavg
2.0,3.72,2.37,4.66,2.5100000000000002,93.0663,11.685766818059053,2020-05-19,uh_wavg
3.0,5.61,4.66,6.46,1.8900000000000001,137.6478,17.283593457769662,2020-05-19,uh_wavg
4.0,7.37,6.46,8.3,1.7599999999999998,155.96189999999999,19.58318312752784,2020-05-19,uh_wavg
5.0,9.21,8.3,10.13,1.8400000000000007,150.54569999999998,18.903103977073037,2020-05-19,uh_wavg
6.0,10.96,10.13,11.94,1.75,128.7162,16.162107002283882,2020-05-19,uh_wavg
7.0,12.98,11.94,14.77,2.0199999999999996,69.5808,8.7368360385446,2020-05-19,uh_wavg
8.0,16.51,14.77,30.64,3.530000000000001,18.1215,2.275406064208603,2020-05-19,uh_wavg
1.0,1.58,-3.91,2.95,,36.9675,4.291731142765495,2020-05-28,uh_wavg
2.0,4.6,2.95,5.78,3.0199999999999996,73.6542,8.550862891336399,2020-05-28,uh_wavg
3.0,7.09,5.78,8.22,2.49,142.4799,16.541162481858752,2020-05-28,uh_wavg
4.0,9.4,8.22,10.54,2.3100000000000005,163.4949,18.980892784562933,2020-05-28,uh_wavg
5.0,11.67,10.54,12.79,2.2699999999999996,181.2789,21.045521083553712,2020-05-28,uh_wavg
6.0,13.84,12.79,15.05,2.17,158.9121,18.448853953669158,2020-05-28,uh_wavg
7.0,16.23,15.05,18.13,2.3900000000000006,84.2148,9.776892671718876,2020-05-28,uh_wavg
8.0,19.76,18.13,35.9,3.530000000000001,20.3634,2.3640829905346825,2020-05-28,uh_wavg
1.0,2.3,-4.21,3.7,,37.1727,4.315522213399089,2020-07-31,uh_wavg
2.0,5.18,3.7,6.45,2.88,63.805499999999995,7.407426756384002,2020-07-31,uh_wavg
3.0,7.72,6.45,8.75,2.54,97.00919999999999,11.262172441175242,2020-07-31,uh_wavg
4.0,9.71,8.75,10.55,1.990000000000001,132.6843,15.403832490491915,2020-07-31,uh_wavg
5.0,11.42,10.55,12.18,1.709999999999999,171.1683,19.871588581936724,2020-07-31,uh_wavg
6.0,12.97,12.18,13.84,1.5500000000000007,189.9018,22.04643290007105,2020-07-31,uh_wavg
7.0,14.69,13.84,15.82,1.7199999999999989,120.99329999999999,14.046579178334099,2020-07-31,uh_wavg
8.0,17.01,15.82,31.32,2.320000000000002,48.6369,5.646445438207882,2020-07-31,uh_wavg
1.0,-2.53,-7.9,-0.66,,10.836,1.3157075151595954,2020-08-07,uh_wavg
2.0,1.51,-0.66,2.92,4.04,49.2399,5.978710453645898,2020-08-07,uh_wavg
3.0,4.31,2.92,5.47,2.8,62.206199999999995,7.5530790724917685,2020-08-07,uh_wavg
4.0,6.66,5.47,7.57,2.3500000000000005,104.5242,12.691332175714706,2020-08-07,uh_wavg
5.0,8.55,7.57,9.35,1.8900000000000006,179.02349999999998,21.737039898502562,2020-08-07,uh_wavg
6.0,10.19,9.35,11.09,1.6399999999999988,212.8122,25.839665084685016,2020-08-07,uh_wavg
7.0,11.99,11.09,13.15,1.8000000000000007,142.93619999999999,17.355318616496394,2020-08-07,uh_wavg
8.0,14.33,13.15,26.77,2.34,62.0091,7.529147183304065,2020-08-07,uh_wavg
1.0,3.66,-1.63,5.03,,48.0672,6.026494549886032,2020-09-08,uh_wavg
2.0,6.59,5.03,7.8,2.9299999999999997,63.3339,7.940579088713863,2020-09-08,uh_wavg
3.0,9.08,7.8,10.04,2.49,127.4112,15.974363024982507,2020-09-08,uh_wavg
4.0,10.91,10.04,11.69,1.83,164.9538,20.681320665297555,2020-09-08,uh_wavg
5.0,12.36,11.69,13.09,1.4499999999999993,149.7924,18.78043826589334,2020-09-08,uh_wavg
6.0,13.81,13.09,14.59,1.450000000000001,118.5111,14.858500146690437,2020-09-08,uh_wavg
7.0,15.42,14.59,16.55,1.6099999999999994,96.8463,12.142244589379612,2020-09-08,uh_wavg
8.0,17.63,16.55,32.08,2.209999999999999,28.6821,3.596059669156642,2020-09-08,uh_wavg
1.0,-1.61,-7.93,0.17,,34.0272,3.9506048998033476,2020-09-17,uh_wavg
2.0,1.93,0.17,3.11,3.54,81.9009,9.508807566837822,2020-09-17,uh_wavg
3.0,4.25,3.11,5.23,2.3200000000000003,119.5182,13.876228033328527,2020-09-17,uh_wavg
4.0,6.19,5.23,7.09,1.9400000000000004,154.4265,17.929129859626467,2020-09-17,uh_wavg
5.0,8.01,7.09,8.9,1.8199999999999994,178.47809999999998,20.721553826573793,2020-09-17,uh_wavg
6.0,9.75,8.9,10.71,1.7400000000000002,157.1292,18.24291706112111,2020-09-17,uh_wavg
7.0,11.57,10.71,12.66,1.8200000000000003,98.9631,11.4897525438393,2020-09-17,uh_wavg
8.0,13.82,12.66,26.18,2.25,36.873,4.281006208869634,2020-09-17,uh_wavg
1.0,1.45,-2.37,2.92,,8.9217,1.035780560385181,2021-03-28,uh_wavg
2.0,4.47,2.92,5.17,3.0199999999999996,77.0085,8.940438177076368,2021-03-28,uh_wavg
3.0,6.0,5.17,6.72,1.5300000000000002,168.2334,19.531354487093754,2021-03-28,uh_wavg
4.0,7.47,6.72,8.18,1.4699999999999998,206.7678,24.005073893272705,2021-03-28,uh_wavg
5.0,8.82,8.18,9.51,1.3500000000000005,179.0442,20.78645345726896,2021-03-28,uh_wavg
6.0,10.18,9.51,11.08,1.3599999999999994,125.2008,14.535408586331416,2021-03-28,uh_wavg
7.0,11.99,11.08,13.2,1.8100000000000005,68.7069,7.976649224287817,2021-03-28,uh_wavg
8.0,14.47,13.2,29.26,2.4800000000000004,27.4671,3.1888416142838034,2021-03-28,uh_wavg
1.0,4.09,-2.0,5.53,,55.5372,6.883058939008613,2021-08-26,uh_wavg
2.0,7.05,5.53,8.34,2.96,71.1,8.811850265470934,2021-08-26,uh_wavg
3.0,9.67,8.34,10.77,2.62,108.11789999999999,13.399701066345425,2021-08-26,uh_wavg
4.0,11.78,10.77,12.67,2.1099999999999994,131.35049999999998,16.27905679739437,2021-08-26,uh_wavg
5.0,13.57,12.67,14.44,1.790000000000001,160.947,19.94712889840718,2021-08-26,uh_wavg
6.0,15.4,14.44,16.61,1.83,153.9405,19.078771248828808,2021-08-26,uh_wavg
7.0,17.79,16.61,19.29,2.389999999999999,92.2113,11.428300539865258,2021-08-26,uh_wavg
8.0,20.71,19.29,37.8,2.9200000000000017,33.6636,4.172132244679428,2021-08-26,uh_wavg
1.0,-2.06,-12.64,-1.65,,20.1816,2.3445227206668044,2021-12-17,uh_wavg
2.0,-1.21,-1.65,-0.94,0.8500000000000001,75.69,8.79300574420613,2021-12-17,uh_wavg
3.0,-0.63,-0.93,-0.4,0.58,162.1899,18.84181163102415,2021-12-17,uh_wavg
4.0,-0.17,-0.4,0.05,0.45999999999999996,210.5811,24.46348027376464,2021-12-17,uh_wavg
5.0,0.24,0.06,0.44,0.41000000000000003,166.3173,19.321297057218313,2021-12-17,uh_wavg
6.0,0.64,0.44,0.89,0.4,127.5966,14.823062977159097,2021-12-17,uh_wavg
7.0,1.16,0.89,1.63,0.5199999999999999,81.2538,9.439359626616147,2021-12-17,uh_wavg
8.0,2.08,1.63,5.25,0.9200000000000002,16.9875,1.9734599693447172,2021-12-17,uh_wavg
1.0,-4.49,-12.62,-3.81,,14.5044,1.8262563444730133,2022-01-01,uh_wavg
2.0,-3.11,-3.81,-2.75,1.3800000000000003,70.9272,8.9304796472592,2022-01-01,uh_wavg
3.0,-2.39,-2.75,-2.08,0.7199999999999998,161.32139999999998,20.31205911649353,2022-01-01,uh_wavg
4.0,-1.79,-2.08,-1.51,0.6000000000000001,188.928,23.78802009380584,2022-01-01,uh_wavg
5.0,-1.25,-1.51,-0.98,0.54,159.5196,20.085193566627872,2022-01-01,uh_wavg
6.0,-0.73,-0.98,-0.43,0.52,111.8673,14.08526835746849,2022-01-01,uh_wavg
7.0,-0.12,-0.43,0.37,0.61,67.4361,8.490913479462547,2022-01-01,uh_wavg
8.0,0.95,0.37,6.2,1.0699999999999998,19.7109,2.4818093944094977,2022-01-01,uh_wavg
1.0,-21.29,-41.16,-13.66,,3.0456,0.35869001826308816,2022-06-11,uh_wavg
2.0,-6.15,-13.66,-2.02,15.139999999999999,10.62,1.250751245716442,2022-06-11,uh_wavg
3.0,2.41,-2.01,4.55,8.56,55.9548,6.589975122769714,2022-06-11,uh_wavg
4.0,6.96,4.55,8.68,4.55,99.2889,11.693570184634204,2022-06-11,uh_wavg
5.0,10.59,8.68,12.24,3.63,200.48399999999998,23.61163961828768,2022-06-11,uh_wavg
6.0,13.84,12.24,15.37,3.25,213.6105,25.15758935716686,2022-06-11,uh_wavg
7.0,16.83,15.37,18.8,2.9899999999999984,203.0481,23.91362184702041,2022-06-11,uh_wavg
8.0,20.79,18.8,39.62,3.960000000000001,63.0378,7.424162606141612,2022-06-11,uh_wavg
1.0,0.53,-5.67,2.26,,40.9653,5.1691204193713975,2022-06-18,uh_wavg
2.0,3.93,2.26,5.24,3.4000000000000004,53.0496,6.693952457311063,2022-06-18,uh_wavg
3.0,6.51,5.24,7.45,2.5799999999999996,90.0198,11.35895956645574,2022-06-18,uh_wavg
4.0,8.37,7.45,9.14,1.8599999999999994,135.7587,17.13042668495814,2022-06-18,uh_wavg
5.0,9.92,9.14,10.66,1.5500000000000007,170.2962,21.48846864935336,2022-06-18,uh_wavg
6.0,11.34,10.66,12.13,1.42,154.7253,19.52368730665625,2022-06-18,uh_wavg
7.0,12.92,12.13,13.99,1.58,99.8172,12.595223926700857,2022-06-18,uh_wavg
8.0,15.21,13.99,25.91,2.290000000000001,47.8683,6.0401609891931916,2022-06-18,uh_wavg
1.0,3.64,-4.38,5.44,,60.6312,7.56129069912308,2022-07-12,uh_wavg
2.0,7.2,5.44,8.67,3.56,73.5741,9.175394153939743,2022-07-12,uh_wavg
3.0,10.13,8.67,11.34,2.9300000000000006,107.0496,13.350109264287132,2022-07-12,uh_wavg
4.0,12.58,11.34,13.68,2.4499999999999993,147.096,18.344278468481715,2022-07-12,uh_wavg
5.0,14.79,13.68,15.86,2.209999999999999,168.47549999999998,21.01050665631078,2022-07-12,uh_wavg
6.0,16.83,15.86,17.97,2.039999999999999,136.7226,17.050616246089888,2022-07-12,uh_wavg
7.0,19.06,17.97,20.55,2.2300000000000004,77.9814,9.725026628610294,2022-07-12,uh_wavg
8.0,22.16,20.55,37.87,3.1000000000000014,30.3327,3.7827778831573613,2022-07-12,uh_wavg
1.0,3.8,-3.54,5.2,,43.6383,5.066138671793372,2022-07-13,uh_wavg
2.0,6.92,5.2,8.42,3.12,70.41329999999999,8.174551761608223,2022-07-13,uh_wavg
3.0,9.97,8.42,11.24,3.0500000000000007,110.7927,12.862352154469844,2022-07-13,uh_wavg
4.0,12.38,11.24,13.39,2.41,135.648,15.747899862080494,2022-07-13,uh_wavg
5.0,14.42,13.39,15.36,2.039999999999999,168.0039,19.50422117273373,2022-07-13,uh_wavg
6.0,16.41,15.36,17.6,1.9900000000000002,198.1584,23.004973460943702,2022-07-13,uh_wavg
7.0,18.76,17.6,20.54,2.3500000000000014,108.34559999999999,12.578258870731807,2022-07-13,uh_wavg
8.0,22.07,20.54,38.15,3.3099999999999987,26.3718,3.0616040456388176,2022-07-13,uh_wavg
1.0,5.19,-0.56,6.67,,46.179899999999996,5.361258842090965,2022-07-21,uh_wavg
2.0,8.41,6.67,9.88,3.2199999999999998,57.0843,6.6272059514978015,2022-07-21,uh_wavg
3.0,11.41,9.88,12.61,3.0,92.7702,10.770163101967464,2022-07-21,uh_wavg
4.0,13.81,12.61,14.81,2.4000000000000004,138.46949999999998,16.075626652178002,2022-07-21,uh_wavg
5.0,15.89,14.81,16.86,2.08,200.1078,23.23152956419071,2022-07-21,uh_wavg
6.0,17.83,16.86,18.98,1.9399999999999977,193.66469999999998,22.483517402070905,2022-07-21,uh_wavg
7.0,20.05,18.98,21.57,2.2200000000000024,105.58619999999999,12.258037552112174,2022-07-21,uh_wavg
8.0,23.01,21.57,37.53,2.960000000000001,27.5004,3.1926609338919834,2022-07-21,uh_wavg
1.0,-10.94,-26.43,-5.02,,1.8639,0.21827364622384487,2022-08-30,uh_wavg
2.0,1.45,-5.02,2.77,12.389999999999999,40.4937,4.74205029674044,2022-08-30,uh_wavg
3.0,4.26,2.77,5.51,2.8099999999999996,61.8489,7.2428697451225705,2022-08-30,uh_wavg
4.0,6.85,5.51,7.9,2.59,108.7623,12.736704647616119,2022-08-30,uh_wavg
5.0,9.1,7.9,10.09,2.25,191.43449999999999,22.41810522454994,2022-08-30,uh_wavg
6.0,11.13,10.09,12.28,2.030000000000001,242.5725,28.406665619740117,2022-08-30,uh_wavg
7.0,13.36,12.28,14.89,2.2299999999999986,145.9548,17.092165019513942,2022-08-30,uh_wavg
8.0,16.54,14.89,32.79,3.1799999999999997,60.997499999999995,7.14316580049304,2022-08-30,uh_wavg
1.0,2.16,-1.52,3.06,,42.2262,4.902202532703639,2022-10-09,uh_wavg
2.0,3.98,3.07,4.73,1.8199999999999998,58.4811,6.7892966105236745,2022-10-09,uh_wavg
3.0,5.45,4.73,5.96,1.4700000000000002,104.4216,12.12270656580432,2022-10-09,uh_wavg
4.0,6.51,5.96,6.98,1.0599999999999996,182.9457,21.238872403560826,2022-10-09,uh_wavg
5.0,7.49,6.98,8.05,0.9800000000000004,205.7112,23.881807163455505,2022-10-09,uh_wavg
6.0,8.58,8.05,9.21,1.0899999999999999,153.4311,17.812408576085588,2022-10-09,uh_wavg
7.0,9.79,9.21,10.64,1.209999999999999,91.4913,10.621578133489361,2022-10-09,uh_wavg
8.0,11.48,10.64,20.87,1.6900000000000013,22.6638,2.631128014377063,2022-10-09,uh_wavg
1.0,2.72,-2.06,3.61,,36.9261,4.287054722666879,2023-04-19,uh_wavg
2.0,4.52,3.61,5.27,1.7999999999999994,105.24329999999999,12.218560484157468,2023-04-19,uh_wavg
3.0,6.06,5.27,6.82,1.54,132.759,15.413084455887082,2023-04-19,uh_wavg
4.0,7.57,6.82,8.31,1.5100000000000007,143.8479,16.700486080054837,2023-04-19,uh_wavg
5.0,9.02,8.31,9.71,1.4499999999999993,145.917,16.940704920567914,2023-04-19,uh_wavg
6.0,10.42,9.71,11.14,1.4000000000000004,147.7755,17.15647347457379,2023-04-19,uh_wavg
7.0,11.98,11.14,13.3,1.5600000000000005,112.9149,13.109219638804486,2023-04-19,uh_wavg
8.0,14.71,13.3,29.76,2.7300000000000004,35.9559,4.1744162232875395,2023-04-19,uh_wavg
1.0,5.4,-0.5,6.85,,45.2763,5.710455490185171,2023-08-08,uh_wavg
2.0,8.4,6.85,9.71,3.0,57.5928,7.263869197684804,2023-08-08,uh_wavg
3.0,11.04,9.71,12.12,2.639999999999999,89.3367,11.267556072161938,2023-08-08,uh_wavg
4.0,13.19,12.12,14.12,2.1500000000000004,128.8602,16.2524419300243,2023-08-08,uh_wavg
5.0,15.03,14.12,15.88,1.8399999999999999,161.39159999999998,20.355451931579413,2023-08-08,uh_wavg
6.0,16.78,15.88,17.86,1.7500000000000018,168.2613,21.221890136135112,2023-08-08,uh_wavg
7.0,19.03,17.86,20.63,2.25,111.5532,14.069603377213344,2023-08-08,uh_wavg
8.0,21.99,20.63,37.8,2.9599999999999973,30.5946,3.8587318650158964,2023-08-08,uh_wavg
1.0,1.61,-5.68,3.46,,9.99,1.1597885632309413,2023-08-09,uh_wavg
2.0,5.63,3.46,7.12,4.02,70.07939999999999,8.135864528336977,2023-08-09,uh_wavg
3.0,8.6,7.12,9.81,2.9699999999999998,91.8774,10.666502276215663,2023-08-09,uh_wavg
4.0,10.99,9.81,11.96,2.3900000000000006,139.1688,16.156795054912333,2023-08-09,uh_wavg
5.0,13.04,11.96,14.0,2.049999999999999,204.4278,23.733035480126343,2023-08-09,uh_wavg
6.0,14.96,14.0,16.14,1.9200000000000017,203.68619999999999,23.646939464261273,2023-08-09,uh_wavg
7.0,17.2,16.14,18.62,2.2399999999999984,107.8335,12.518924928244616,2023-08-09,uh_wavg
8.0,19.95,18.62,35.5,2.75,34.3008,3.9821497046718584,2023-08-09,uh_wavg
1.0,3.5,-1.96,5.65,,10.6875,1.2408283195161658,2023-09-10,uh_wavg
2.0,8.13,5.65,9.61,4.630000000000001,76.0959,8.834802125760955,2023-09-10,uh_wavg
3.0,10.97,9.61,11.98,2.84,118.9323,13.8081465211876,2023-09-10,uh_wavg
4.0,12.91,11.98,13.75,1.9399999999999995,159.3126,18.4963355074387,2023-09-10,uh_wavg
5.0,14.67,13.75,15.59,1.7599999999999998,193.6908,22.48767530944952,2023-09-10,uh_wavg
6.0,16.51,15.59,17.55,1.8400000000000016,171.09,19.863702192844052,2023-09-10,uh_wavg
7.0,18.45,17.55,19.76,1.9399999999999977,99.45179999999999,11.546443028477924,2023-09-10,uh_wavg
8.0,21.08,19.76,34.29,2.629999999999999,32.0589,3.722066995325082,2023-09-10,uh_wavg
1.0,3.86,-1.46,4.99,,47.2815,5.830536540322654,2023-09-25,uh_wavg
2.0,6.08,4.99,6.99,2.22,60.452999999999996,7.4547851796606555,2023-09-25,uh_wavg
3.0,7.95,6.99,8.66,1.87,116.8254,14.406369585097977,2023-09-25,uh_wavg
4.0,9.44,8.66,10.14,1.4899999999999993,189.3843,23.35399852613448,2023-09-25,uh_wavg
5.0,10.8,10.14,11.55,1.3600000000000012,164.3472,20.266538813271893,2023-09-25,uh_wavg
6.0,12.24,11.55,13.01,1.4399999999999995,122.1687,15.065280700352487,2023-09-25,uh_wavg
7.0,13.77,13.01,14.84,1.5299999999999994,84.6189,10.434812526081206,2023-09-25,uh_wavg
8.0,16.01,14.84,29.93,2.240000000000002,25.8498,3.1876781290786567,2023-09-25,uh_wavg
1.0,-1.64,-14.91,0.37,,15.593399999999999,1.8114695737724802,2023-09-26,uh_wavg
2.0,2.41,0.37,3.61,4.05,56.4399,6.556566341962716,2023-09-26,uh_wavg
3.0,4.86,3.61,5.76,2.45,92.3562,10.728926741393535,2023-09-26,uh_wavg
4.0,6.67,5.76,7.42,1.8099999999999996,190.7577,22.160129895521095,2023-09-26,uh_wavg
5.0,8.14,7.42,8.88,1.4700000000000006,202.98239999999998,23.580260982936053,2023-09-26,uh_wavg
6.0,9.54,8.88,10.27,1.3999999999999986,149.4486,17.361293351218716,2023-09-26,uh_wavg
7.0,10.94,10.27,11.8,1.4000000000000004,103.74929999999999,12.052451694318954,2023-09-26,uh_wavg
8.0,12.88,11.8,22.71,1.9400000000000013,49.4874,5.748901418876463,2023-09-26,uh_wavg
1.0,-0.26,-3.33,1.1,,6.4908,0.7535798176027552,2023-10-12,uh_wavg
2.0,2.75,1.1,3.52,3.01,51.8814,6.023414055120414,2023-10-12,uh_wavg
3.0,4.39,3.52,5.02,1.6399999999999997,93.2499,10.826283760626604,2023-10-12,uh_wavg
4.0,5.67,5.02,6.23,1.2800000000000002,140.0328,16.25776358575262,2023-10-12,uh_wavg
5.0,6.78,6.23,7.31,1.1100000000000003,170.0424,19.741868610453984,2023-10-12,uh_wavg
6.0,7.85,7.31,8.42,1.0699999999999994,153.0315,17.766908525524748,2023-10-12,uh_wavg
7.0,9.06,8.42,9.77,1.2100000000000009,154.503,17.937749207967965,2023-10-12,uh_wavg
8.0,10.57,9.77,19.88,1.5099999999999998,92.097,10.692432436950906,2023-10-12,uh_wavg
1.0,,,,,7.6986,0.8058043536420397,2015-04-13,uh_req
1.0,,,,,13.268699999999999,1.388820854073485,2015-08-03,uh_req
1.0,,,,,20.3184,2.1267055281532254,2015-08-26,uh_req
1.0,,,,,8.0946,0.8472532565649411,2015-09-20,uh_req
1.0,,,,,12.662099999999999,1.325328670959768,2016-07-04,uh_req
1.0,,,,,17.2323,1.8036866915108876,2016-08-12,uh_req
1.0,,,,,15.3486,1.6065217964708143,2016-09-06,uh_req
1.0,,,,,6.8553,0.7175370308266795,2016-09-22,uh_req
1.0,,,,,9.973799999999999,1.043947141344527,2016-09-29,uh_req
1.0,,,,,4.986,0.521879368620166,2017-03-17,uh_req
1.0,,,,,12.790799999999999,1.338799564409711,2017-05-27,uh_req
1.0,,,,,6.0858,0.6369942762833145,2017-10-11,uh_req
1.0,,,,,21.1734,2.216197477645853,2018-04-21,uh_req
1.0,,,,,12.9366,1.3540602968495066,2018-07-01,uh_req
1.0,,,,,7.7094,0.8069347782672098,2018-07-26,uh_req
1.0,,,,,19.583099999999998,2.0497424515895655,2018-08-02,uh_req
1.0,,,,,23.8959,2.5011586852407994,2018-08-11,uh_req
1.0,,,,,11.720699999999999,1.22679332446578,2018-08-27,uh_req
1.0,,,,,13.347,1.397016432605968,2018-09-03,uh_req
1.0,,,,,6.3126,0.6607331934118853,2018-09-19,uh_req
1.0,,,,,6.0642,0.6347334270329744,2018-09-28,uh_req
1.0,,,,,4.5027,0.471292866643807,2018-10-05,uh_req
1.0,,,,,3.6387,0.3808588966302042,2019-02-26,uh_req
1.0,,,,,8.813699999999999,0.9225206961908458,2019-05-01,uh_req
1.0,,,,,26.973,2.8232355013621615,2019-06-27,uh_req
1.0,,,,,22.023,2.3051242148258955,2019-07-04,uh_req
1.0,,,,,13.373099999999999,1.3997482921167954,2019-07-29,uh_req
1.0,,,,,19.4652,2.0374019827647927,2019-08-14,uh_req
1.0,,,,,10.8072,1.1311782415868146,2019-08-30,uh_req
1.0,,,,,5.715,0.5981830308191434,2020-02-06,uh_req
1.0,,,,,4.77,0.49927087611676524,2020-02-22,uh_req
1.0,,,,,16.7679,1.7550784326285767,2020-05-19,uh_req
1.0,,,,,11.5857,1.2126630166511547,2020-05-28,uh_req
1.0,,,,,21.061799999999998,2.204516423185763,2020-07-31,uh_req
1.0,,,,,24.3216,2.545716255882918,2020-08-07,uh_req
1.0,,,,,9.054,0.9476726441008791,2020-09-08,uh_req
1.0,,,,,6.381,0.6678925493712956,2020-09-17,uh_req
1.0,,,,,10.4733,1.0962292802586413,2021-03-28,uh_req
1.0,,,,,12.9438,1.3548139132662866,2021-08-26,uh_req
1.0,,,,,5.5548,0.5814150655457878,2021-12-17,uh_req
1.0,,,,,4.9923,0.5225387829848486,2022-01-01,uh_req
1.0,,,,,40.4091,4.229577937125783,2022-06-11,uh_req
1.0,,,,,30.8817,3.232355013621617,2022-06-18,uh_req
1.0,,,,,16.4052,1.7171150056332827,2022-07-12,uh_req
1.0,,,,,16.137,1.689042794108227,2022-07-13,uh_req
1.0,,,,,16.0065,1.6753834965540888,2022-07-21,uh_req
1.0,,,,,31.825799999999997,3.3311729662718967,2022-08-30,uh_req
1.0,,,,,6.9281999999999995,0.7251673970465773,2022-10-09,uh_req
1.0,,,,,23.8212,2.4933399149167066,2023-04-19,uh_req
1.0,,,,,14.9409,1.5638482668706453,2023-08-08,uh_req
1.0,,,,,13.0779,1.3688500190288146,2023-08-09,uh_req
1.0,,,,,6.1452,0.6432116117217498,2023-09-10,uh_req
1.0,,,,,8.4222,0.8815428035284321,2023-09-25,uh_req
1.0,,,,,9.0036,0.9423973291834189,2023-09-26,uh_req
1.0,,,,,11.3913,1.192315373398094,2023-10-12,uh_req
